{
  "high": {
    "precision": 0.9014084507042254,
    "recall": 0.9411764705882353,
    "f1-score": 0.920863309352518,
    "support": 68.0
  },
  "low": {
    "precision": 1.0,
    "recall": 0.9393939393939394,
    "f1-score": 0.96875,
    "support": 66.0
  },
  "medium": {
    "precision": 0.8805970149253731,
    "recall": 0.8939393939393939,
    "f1-score": 0.8872180451127819,
    "support": 66.0
  },
  "accuracy": 0.925,
  "macro avg": {
    "precision": 0.9273351552098662,
    "recall": 0.9248366013071895,
    "f1-score": 0.9256104514884332,
    "support": 200.0
  },
  "weighted avg": {
    "precision": 0.9270758881648098,
    "recall": 0.925,
    "f1-score": 0.9255629800670743,
    "support": 200.0
  }
}